OBJECTID,Name of Facility,Location Street,Location City,Location State,ZIP Code,Facility #,Admin Name & Phone,Facility Email,Fac. Cont. Email,License / Expiration,County / Ownership Type,Mailing Address,Mailing City,Mailing State,Mailing ZIP,Licensee,Number of Licensed Beds,x,y
10859,CALLIE & JOHN RAINEY HOSPICE HOUSE,1835 ROGERS RD,ANDERSON,SC,29621-2278,864-224-3358,"MILLER, ANNETTE PH#: 864-224-3358",AMILLER@HOSPICEHOUSE.NET,AMILLER@HOSPICEHOUSE.NET,HPF-0001 / 08/31/2026,Anderson / Corporation,1835 ROGERS RD,ANDERSON,SC,29621-2278,HOSPICE OF THE UPSTATE INC,31,351414.713,3821251.554
10861,SPARTANBURG REGIONAL HOSPICE HOME,686 JEFF DAVIS DR,SPARTANBURG,SC,29303-2092,864-560-5620,"NIX, MARK PH#: 864-812-1502",MNIX@SRHS.COM,MNIX@SRHS.COM,HPF-0007 / 12/31/2026,Spartanburg / District,686 JEFF DAVIS DR,SPARTANBURG,SC,29303-2092,SPARTANBURG REGIONAL HEALTH SERVICES DISTRICT INC,15,412310.926,3871341.176
10863,HOSPICE & COMMUNITY CARE HOUSE,2275 INDIA HOOK RD,ROCK HILL,SC,29732-1223,803-323-1600,"GRAHAM, JENNIFER PH#: 803-329-1500",JENNIFER@HOSPICECOMMUNITYCARE.ORG,JENNIFER@HOSPICECOMMUNITYCARE.ORG,HPF-0012 / 12/31/2026,York / Non-Profit Corporation,PO BOX 993,ROCK HILL,SC,29731-6993,CAROLINA COMMUNITY CARE INC,16,497199.286,3870130.929
10888,HOSPICE HOUSE OF HOSPICE AND PALLIATIVE CARE OF THE PIEDMONT,408 W ALEXANDER AVE,GREENWOOD,SC,29646-4031,864-227-9393,"KISH, CHARLENE PH#: 864-227-9393",CKISH@HOSPICEPIEDMONT.ORG,CKISH@HOSPICEPIEDMONT.ORG,HPF-0002 / 05/31/2026,Greenwood / Non-Profit Corporation,408 W ALEXANDER AVE,GREENWOOD,SC,29646-4031,HOSPICE AND PALLIATIVE CARE OF THE PIDEMONT INC,15,393166.545,3781958.579
10893,MCLEOD HOSPICE HOUSE,1203 E CHEVES ST,FLORENCE,SC,29506,843-777-4700,"ORPHAN, CRYSTAL J. PH#: 843-777-4729",CORPHAN@MCLEODHEALTH.ORG,,HPF-0003 / 09/30/2026,Florence / Non-Profit Corporation,PO BOX 100551,FLORENCE,SC,29502-0551,MCLEOD REGIONAL MEDICAL CENTER OF THE PEE DEE INC,24,613892.505,3784545.607
12212,PRISMA HEALTH COTTINGHAM HOSPICE HOUSE,220 TUCKER LN,SENECA,SC,29672-6669,864-882-8940,"CANTRELL, MELISSA PH#: 864-882-8940",MELISSA.CANTRELL@PRISMAHEALTH.ORG,MELISSA.CANTRELL@PRISMAHEALTH.ORG,HPF-0030 / 10/31/2026,Oconee / Corporation,390 KEOWEE SCHOOL RD,SENECA,SC,29672-6743,PRISMA HEALTH-UPSTATE,15,317490.088,3843479.188
12282,VIA HEALTH PARTNERS-LAURENS COUNTY,1304 SPRINGDALE DR,CLINTON,SC,29325,864-833-6287,"BRUNNICK, PETER A. PH#: 704-375-0100",BRUNNICKP@HPCCR.ORG,BRUNNICKP@HPCCR.ORG,HPF-0031 / 09/30/2026,Laurens / Corporation,,,,,HOSPICE & PALLIATIVE CARE CHARLOTTE REGION,12,420880.555,3813379.745
12416,LOWCOUNTRY COMMUNITY HOSPICE HOUSE,374 MYERS RD,SUMMERVILLE,SC,29483,843-900-9841,"HORTON, BABS PH#: 803-567-2051",JO.HORTON@AGAPECAREGROUP.COM,RAPHAED@ATT.NET,HPF-0032 / 07/31/2026,Berkeley / Limited Liability,1053 CENTER ST,WEST COLUMBIA,SC,29169-6749,AGAPE HOSPICE OF THE LOW COUNTRY LLC,30,583766.346,3656894.904
12493,LEXINGTON COMMUNITY HOSPICE HOUSE,128 LIBRARY HILL LN,LEXINGTON,SC,29072-3893,803-520-5940,"KILLIAN, ASHLEY PH#: 800-932-2738",PAMELA.DUNCAN@AGAPECAREGROUP.COM,,HPF-0035 / 03/31/2026,Lexington / Limited Liability,,,,,HOSPICE CARE OF SOUTH CAROLINA LLC,30,479646.86,3759633.946
12642,CAROLINES COTTAGE INPATIENT,329 FRIENDS LN,RIDGELAND,SC,29936,843-525-6257,"ROBERG, LINDSAY R. PH#: 843-525-6257",LINDSAY@FOCHOSPICE.ORG,LINDSAY@FOCHOSPICE.ORG,HPF-0038 / 10/31/2026,Jasper / Non-Profit Corporation,,,,,FRIENDS OF CAROLINE HOSPICE OF BEAUFORT INC,8,508726.31,3579989.213
12680,UPSTATE COMMUNITY HOSPICE HOUSE,260 FAIRWINDS RD,LANDRUM,SC,29356-9075,864-457-9100,"KILLIAN, ASHLEY PH#: 800-932-2738",ASHLEY.PRUITT@AGAPECAREGROUP.COM,,HPF-0039 / 10/31/2026,Spartanburg / Ltd. Liability,,,,,HOSPICE CARE OF SOUTH CAROLINA LLC,18,394577.009,3892967.156
13253,CMC-EMBRACE HOSPICE HOUSE,175 VILLAGE CENTER BLVD,MYRTLE BEACH,SC,29579-6619,843-353-6228,"MCHUGH, KEVIN JOSEPH PH#: 843-615-4325",TRACY.CRAWFORD@CMC-SC.COM,KMCHUGH@EMBRACEHEALTHCARE.ORG,HPF-0043 / 12/31/2025,Horry / Non-Profit Corporation,,,,,CONWAY HOSPITAL INC,36,698074.699,3737022.158
14250,BON SECOURS HOSPICE HOUSE BY COMPASSUS,1836 W GEORGIA RD,SIMPSONVILLE,SC,29680-7212,864-807-8551,"CRAWFORD, DANA PH#: 864-688-1700",LICENSURE@COMPASSUS.COM,,HPF-0045 / 04/30/2026,Greenville / ,,,,,COMPASSUS BSMH ST FRANCIS HOSPICE LLC,30,379778.326,3841681.512
